Profesion,Sexo
Abogado,M
Académico,M
Adjunto,M
Administrador,M
Administrativo,M
Agrónomo,M
Alergólogo,M
Alergista,M
Almacenero,M
Almacenista,M
Anatomista,M
Anestesiólogo,M
Anestesista,M
Antologista,M
Antropólogo,M
Arabista,M
Archivero,M
Arqueólogo,M
Arquitecto,M
Asesor,M
Asistente,M
Astrofísico,M
Astrólogo,M
Astrónomo,M
Atleta,M
ATS,M
Autor,M
Auxiliar,M
Avicultor,M
Abogada,F
Académica,F
Adjunta,F
Administradora,F
Administrativa,F
Agrónoma,F
Alergóloga,F
Alergista,F
Almacenera,F
Almacenista,F
Anatomista,F
Anestesióloga,F
Anestesista,F
Antologista,F
Antropóloga,F
Arabista,F
Archivera,F
Arqueóloga,F
Arquitecta,F
Asesora,F
Asistenta,F
Astrofísica,F
Astróloga,F
Astrónoma,F
Atleta,F
ATS,F
Autora,F
Auxiliar,F
Avicultora,F
Bacteriólogo,M
Bedel,M
Bibliógrafo,M
Bibliotecario,M
Biofísico,M
Biógrafo,M
Biólogo,M
Bioquímico,M
Botánico,M
Bacterióloga,F
Bedela,F
Bibliógrafa,F
Bibliotecaria,F
Biofísica,F
Biógrafa,F
Bióloga,F
Bioquímica,F
Botánica,F
Cancerólogo,M
Cardiólogo,M
Cartógrafo,M
Castrador,M
Catedrático,M
Cirujano,M
Citólogo,M
Climatólogo,M
Codirector,M
Comadrón,M
Consejero,M
Conserje,M
Conservador,M
Coordinador,M
Cosmógrafo,M
Cosmólogo,M
Criminalista,M
Cronólogo,M
Canceróloga,F
Cardióloga,F
Cartógrafa,F
Castradora,F
Catedrática,F
Cirujana,F
Citóloga,F
Climatóloga,F
Codirectora,F
Comadrona,F
Consejera,F
Conserje,F
Conservadora,F
Coordinadora,F
Cosmógrafa,F
Cosmóloga,F
Criminalista,F
Cronóloga,F
Decano,M
Decorador,M
Defensor,M
Delegado,M
Delineante,M
Demógrafo,M
Dentista,M
Dermatólogo,M
Dibujante,M
Directivo,M
Director,M
Dirigente,M
Doctor,M
Documentalista,M
Decana,F
Decoradora,F
Defensora,F
Delegada,F
Delineante,F
Demógrafa,F
Dentista,F
Dermatóloga,F
Dibujante,F
Directiva,F
Directora,F
Dirigente,F
Doctora,F
Documentalista,F
Pionero,M
Ecólogo,M
Economista,M
Educador,M
Egiptólogo,M
Endocrinólogo,M
Enfermero,M
Enólogo,M
Entomólogo,M
Epidemiólogo,M
Especialista,M
Espeleólogo,M
Estadista,M
Estadístico,M
Etimólogo,M
Etimologista,M
Etnógrafo,M
Etnólogo,M
Etólogo,M
Examinador,M
Ecóloga,F
Economista,F
Educadora,F
Egiptóloga,F
Endocrinóloga,F
Enfermera,F
Enóloga,F
Entomóloga,F
Epidemióloga,F
Especialista,F
Espeleóloga,F
Estadista,F
Estadística,F
Etimóloga,F
Etimologista,F
Etnógrafa,F
Etnóloga,F
Etóloga,F
Examinadora,F
Pionera,F
Facultativo,M
Farmacéutico,M
Farmacólogo,M
Filólogo,M
Filósofo,M
Fiscal,M
Físico,M
Fisiólogo,M
Fisioterapeuta,M
Fonetista,M
Foníatra,M
Fonólogo,M
Forense,M
Fotógrafo,M
Funcionario,M
Facultativa,F
Farmacéutica,F
Farmacóloga,F
Filóloga,F
Filósofa,F
Fiscal,F
Física,F
Fisióloga,F
Fisioterapeuta,F
Fonetista,F
Foníatra,F
Fonóloga,F
Forense,F
Fotógrafa,F
Funcionaria,F
Gemólogo,M
Genetista,M
Geobotánica,M
Geodesta,M
Geofísico,M
Geógrafo,M
Geólogo,M
Geomántico,M
Gemóloga,F
Genetista,F
Geobotánica,F
Geodesta,F
Geofísica,F
Geógrafa,F
Geóloga,F
Geomántica,F
Geómetra,F
Geoquímica,F
Gerente,F
Geriatra,F
Gerontólogo,F
Gestor,F
Grabador,F
Graduado social,F
Grafólogo,F
Gramático,F
Geómetra,F
Geoquímica,F
Gerenta/gerente,F
Geriatra,F
Gerontóloga,F
Gestora,F
Grabadora,F
Graduada social,F
Grafóloga,F
Gramática,F
Hematólogo,M
Hepatólogo,M
Hidrogeólogo,M
Hidrógrafo,M
Hidrólogo,M
Higienista,M
Hispanista,M
Historiador,M
Homeópata,M
Hematóloga,F
Hepatóloga,F
Hidrogeóloga,F
Hidrógrafa,F
Hidróloga,F
Higienista,F
Hispanista,F
Historiadora,F
Homeópata,F
Informático,M
Ingeniero,M
Ingeniero técnico,M
Inmunólogo,M
Inspector,M
Interino,M
Interventor,M
Investigador,M
Informática,F
Ingeniera,F
Ingeniera técnica,F
Inmunóloga,F
Inspectora,F
Interina,F
Interventora,F
Investigadora,F
Jardinero,M
Jefe,M
Juez,M
Jardinera,F
Jefa/jefe,F
Jueza/juez,F
Latinista,M
Lector,M
Letrado (abogado),M
Lexicógrafo,M
Lexicólogo,M
Licenciado,M
Lingüista,M
Logopeda,M
Latinista,F
Lectora,F
Letrada (abogada),F
Lexicógrafa,F
Lexicóloga,F
Licenciada,F
Lingüista,F
Logopeda,F
Maestro,M
Matemático,M
Matrón,M
Medico,M
Meteorólogo,M
Micólogo,M
Microbiológico,M
Microcirujano,M
Mimógrafo,M
Mineralogista,M
Monitor,M
Musicólogo,M
Maestra,F
Matemática,F
Matrona,F
Medica,F
Meteoróloga,F
Micóloga,F
Microbiológica,F
Microcirujana,F
Mimógrafa,F
Mineralogista,F
Monitora,F
Musicóloga,F
Naturópata,M
Nefrólogo,M
Neumólogo,M
Naturópata,M
Nefróloga,M
Neumóloga,M
Neuroanatomista,M
Neurobiólogo,M
Neurocirujano,M
Neuroembriólogo,M
Neurofisiólogo,M
Neurólogo,M
Nutrólogo,M
Neuroanatomista,F
Neurobióloga,F
Neurocirujano,F
Neuroembrióloga,F
Neurofisióloga,F
Neuróloga,F
Nutróloga,F
Oceanógrafo,M
Odontólogo,M
Oficial,M
Oficinista,M
Oftalmólogo,M
Oncólogo,M
Óptico,M
Optometrista,M
Ordenanza,M
Orientador,M
Ornitólogo,M
Ortopédico,M
Ortopedista,M
Osteólogo,M
Osteópata,M
Otorrinolaringólogo,M
Oceanógrafa,F
Odontóloga,F
Oficial/Oficiala,F
Oficinista,F
Oftalmóloga,F
Oncóloga,F
Óptica,F
Optomentrista,F
Ordenanza,F
Orientadora,F
Ornitóloga,F
Ortopédica,F
Ortopedista,F
Osteóloga,F
Osteópata,F
Otorrinolaringóloga,F
Paleobiólogo,M
Paleobotánico,M
Paleógrafo,M
Paleólogo,M
Paleontólogo,M
Patólogo,M
Pedagogo,M
Pediatra,M
Pedicuro,M
Periodista,M
Perito,M
Ingeniero técnico,M
Piscicultor,M
Podólogo,M
Portero,M
Prehistoriador,M
Presidente,M
Proctólogo,M
Profesor,M
Programador,M
Protésico,M
Proveedor,M
Psicoanalista,M
Psicólogo,M
Psicofísico,M
Psicopedagogo,M
Psicoterapeuta,M
Psiquiatra,M
Publicista,M
Publicitario,M
Puericultor,M
Paleobióloga,F
Paleobotánica,F
Paleógrafa,F
Paleóloga,F
Paleontóloga,F
Patóloga,F
Pedagoga,F
Pediatra,F
Pedicura,F
Periodista,F
Perita,F
Ingeniera técnica,F
Piscicultora,F
Podóloga,F
Portera,F
Prehistoriadota,F
Presidenta,F
Proctóloga,F
Profesora,F
Programadora,F
Protésica,F
Proveedora,F
Psicoanalista,F
Psicóloga,F
Psicofísica,F
Psicopedagoga,F
Psicoterapeuta,F
Psiquiatra,F
Publicista,F
Publicitaria,F
Puericultora,F
Químico,M
Quiropráctico,M
Química,F
Quiropráctica,F
Radioastrónomo,M
Radiofonista,M
Radiólogo,M
Radiotécnico,M
Radiotelefonista,M
Radiotelegrafista,M
Radioterapeuta,M
Rector,M
Radioastrónoma,F
Radiofonista,F
Radióloga,F
Radiotécnica,F
Radiotelefonista,F
Radiotelegrafista,F
Radioterapeuta,F
Rectora,F
Sanitario,M
Secretario,M
Sexólogo,M
Sismólogo,M
Sociólogo,M
Subdelegado,M
Subdirector,M
Subsecretario,M
Sanitaria,F
Secretaria,F
Sexóloga,F
Sismóloga,F
Socióloga,F
Subdelegada,F
Subdirectora,F
Subsecretaria,F
Técnico,M
Telefonista,M
Teólogo,M
Terapeuta,M
Tocoginecólogo,M
Tocólogo,M
Toxicólogo,M
Traductor,M
Transcriptor,M
Traumatólogo,M
Tutor,M
Técnica,F
Telefonista,F
Teóloga,F
Terapeuta,F
Tocoginecóloga,F
Tocóloga,F
Toxicóloga,F
Traductora,F
Transcriptora,F
Traumatóloga,F
Tutora,F
Urólogo,M
Uróloga,F
Veterinario,M
Vicedecano,M
Vicedirector,M
Vicegerente,M
Vicepresidente,M
Vicerrector,M
Vicesecretario,M
Virólogo,M
Viticultor,M
Vulcanólogo,M
Veterinaria,F
Vicedecana,F
Vicedirtectora,F
Vicegerente/vicegerente,F
Vicepresidenta,F
Vicerrectora,F
Vicesecretaria,F
Viróloga,F
Viticultora,F
Vulcanóloga,F
Xilógrafo,M
Xilógrafa,F
Zoólogo,M
Zootécnico,M
Zoóloga,F
Zootécnica,F
Artista,M
Artista,F
Compositor,M
Compositora,F